appid,name
2210,Quake 4
2270,Wolfenstein 3D
2420,The Ship: Single Player
2500,Shadowgrounds
2590,Alpha Prime
2620,Call of Duty
2800,X2: The Threat
2840,X: Beyond the Frontier
2870,X Rebirth
2990,FlatOut 2
3130,Men of War: Red Tide
3320,Insaniquarium Deluxe
3330,Zuma Deluxe
3480,Peggle Deluxe
3483,Peggle Extreme
3720,Evil Genius
3730,Aliens versus Predator Classic 2000
3920,Sid Meier's Pirates!
4720,Condemned: Criminal Origins
4850,Cossacks: Back to War
6510,Lost Planet: Extreme Condition
6550,Devil May Cry 3 Special Edition
7000,Tomb Raider: Legend
7110,Jade Empire: Special Edition
7730,X-COM: Interceptor
7830,Men of War
8170,Battlestations Pacific
9000,Spear of Destiny
9160,Master Levels for Doom II
9310,"Warhammer 40,000: Dawn of War – Winter Assault"
12320,Sacred Gold
12360,FlatOut: Ultimate Carnage
13200,Unreal 2: The Awakening
13250,Unreal Gold
13570,Tom Clancy's Splinter Cell Chaos Theory
13600,Prince of Persia: The Sands of Time
15130,Beyond Good and Evil
15320,IL-2 Sturmovik: 1946
15560,AaaaaAAaaaAAAaaAAAAaAAAAA!!! for the Awesome
15710,Oddworld: Abe's Exoddus
16730,Legendary
18700,And Yet It Moves
19830,Tom Clancy's Rainbow Six 3 Gold
19980,Prince of Persia
20820,Shatter
21680,Bionic Commando: Rearmed
22200,Zeno Clash
22230,Rock of Ages
22670,Alien Breed 3: Descent
24420,Aquaria
24810,Command & Conquer 3: Kane's Wrath
24840,Medal of Honor: Airborne
24870,Need for Speed: Shift
25800,Europa Universalis III Complete
25900,King's Bounty: The Legend
25980,Majesty 2
29180,Osmos
29800,Caster
31270,Puzzle Agent
32390,STAR WARS Jedi Knight - Mysteries of the Sith
32460,Monkey Island 2 Special Edition: LeChuck’s Revenge
33100,Alien Shooter
33110,Alien Shooter: Revisited
33120,Alien Shooter 2: Reloaded
33460,From Dust
35000,Mini Ninjas
37400,"Time Gentlemen, Please! and Ben There, Dan That! Special Edition  Double Pack"
38600,Faerie Solitaire
38700,Toki Tori
38720,RUSH
38740,EDGE
39160,Dungeon Siege III
39540,SpellForce - Platinum Edition
39680,The Guild II Renaissance
39800,Nation Red
40400,AI War: Fleet Command
40960,Stronghold 2: Steam Edition
41100,Hammerfight
41900,The Bard's Tale ARPG: Remastered and Resnarkled
42170,Krater
42990,Sword of the Stars II: Enhanced Edition
45770,Dead Rising 2: Off the Record
49540,Aliens: Colonial Marines Collection
57650,Dungeons
58520,Blood Bowl - Legendary Edition
65080,Kaptain Brawe: A Brawe New World
65300,Dustforce DX
65740,Carrier Command: Gaea Mission
70620,Worms Crazy Golf
70660,Worms Pinball
71230,Crazy Taxi
72000,Closure
73010,Cities in Motion
91600,Sanctum
92000,Hydrophobia: Prophecy
93200,Revenge of the Titans
94300,The Dream Machine: Chapter 1 & 2
95300,Capsized
97000,Solar 2
98400,Hard Reset Extended Edition
98800,Dungeons of Dredmor
99700,NightSky
99910,Puzzle Pirates
102840,Shank 2
105000,A New Beginning - Final Cut
107800,Rochard
108210,Memoir '44 Online
108500,Vessel
111600,Serious Sam Double D XXL
111900,Guardians of Middle-earth
115100,Costume Quest
115110,Stacking
115120,Iron Brigade
115800,Owlboy
200390,Oil Rush
201210,Pox Nora
201480,Serious Sam: The Random Encounter
201570,Really Big Sky
202530,Sonic the Hedgehog 4 - Episode I
203630,Warlock - Master of the Arcane
203810,Dear Esther
203830,The Dark Eye: Chains of Satinav
204120,LEGO Harry Potter: Years 5-7
204180,Waveform
204240,The Bridge
204530,Infested Planet
204630,Retro City Rampage DX
205650,The Testament of Sherlock Holmes
207490,Rayman Origins
207650,A Virus Named TOM
207690,Botanicula
208730,Game of Thrones
208750,Apotheon
209830,Lone Survivor: The Director's Cut
211740,Thief II: The Metal Age
212010,Galaxy on Fire 2 Full HD
212630,Tom Clancy's Ghost Recon: Future Soldier
213330,LEGO Batman 2: DC Super Heroes
214360,Tower Wars
214700,Thirty Flights of Loving
214730,Space Rangers HD: A War Apart
214790,The Basement Collection
214830,Half Minute Hero: Super Mega Neo Climax Ultimate Boy
214870,Painkiller Hell & Damnation
214970,Intrusion 2
215120,ROSE Online
215470,Primal Carnage
215510,Rocketbirds: Hardboiled Chicken
215690,Zeno Clash 2
216890,Blood Bowl: Chaos Edition
218060,BIT.TRIP Presents... Runner2: Future Legend of Rhythm Alien
218410,Defender's Quest: Valley of the Forgotten (DX edition)
218510,Planets Under Attack
218820,Mercenary Kings: Reloaded Edition
219340,The Banner Saga: Factions
219760,Beyond Divinity
219910,Edna & Harvey: Harvey's New Eyes
220260,Farming Simulator 2013 Titanium Edition
220660,StarDrive
220820,Zombie Driver HD
221540,DG2: Defense Grid 2
222520,Champions of Regnum
222750,Wargame: Airland Battle
224300,Legacy of Kain: Defiance
224860,Arma Tactics
224940,Legacy of Kain: Soul Reaver 2
225000,Tomb Raider V: Chronicles
225160,Shadow Warrior Classic Redux
225280,Full Mojo Rampage
225300,Tomb Raider II
225600,Blade Symphony
226580,F1 2014
226720,LOST PLANET 3
226860,Galactic Civilizations III
227100,Sniper Elite: Nazi Zombie Army
227180,Kingdom Wars
227220,Sang-Froid - Tales of Werewolves
227480,God Mode
227780,Serious Sam Classics: Revolution
227860,Castle Story
228260,Fallen Enchantress: Legendary Heroes
228400,Ace Combat Assault Horizon - Enhanced Edition
229480,Dungeons & Dragons: Chronicles of Mystara
230270,N++ (NPLUSPLUS)
231140,Cities XL Platinum
231200,Kentucky Route Zero: PC Edition
232810,Godus
233150,LUFTRAUSERS
233370,The Raven - Legacy of a Master Thief
233470,Evoland
233740,Organ Trail: Director's Cut
234270,Ken Follett's The Pillars of the Earth
235800,Audiosurf 2
236370,Interstellar Marines
236450,PAC-MAN Championship Edition DX+
236730,Anomaly 2
237630,DuckTales: Remastered
237850,Dreamfall Chapters
237950,UFO: Afterlight
239120,Final Fantasy III (3D Remake)
239250,Castlevania: Lords of Shadow 2
241260,Sherlock Holmes: Crimes and Punishments
241600,Rogue Legacy
241910,Goodbye Deponia
242550,Rayman Legends
242680,Nuclear Throne
242940,Anachronox
242980,Daikatana
243040,Startopia
243200,The Dark Eye: Memoria
243780,PixelJunk Monsters Ultimate
243800,Gas Guzzlers Extreme
243930,Bound By Flame
244070,Sid Meier’s Ace Patrol
245280,ENSLAVED: Odyssey to the West Premium Edition
245470,Democracy 3
246580,The Typing of The Dead: Overkill
247910,Sniper Elite: Nazi Zombie Army 2
247950,Sacred 3
249590,Teslagrad
249870,Scribblenauts Unmasked: A DC Comics Adventure
250340,Blockland
250400,How to Survive
250460,Bridge Constructor
250620,Among the Sleep - Enhanced Edition
251150,The Legend of Heroes: Trails in the Sky
251170,Damned
251470,TowerFall Ascension
251990,Long Live The Queen
252110,Lovers in a Dangerous Spacetime
252330,Slender: The Arrival
252610,Death Road to Canada
252870,PULSAR: Lost Colony
253490,CABAL Online
253650,Sparkle 2 Evo
253860,Earth 2140
253920,Gorky 17
253940,Septerra Core
255070,Abyss Odyssey
255320,Edna & Harvey: The Breakout
255420,Magic 2015 - Duels of the Planeswalkers
258760,Scania Truck Driving Simulator
259320,Heli Heroes
260230,Valiant Hearts: The Great War / Soldats Inconnus : Mémoires de la Grande Guerre
260410,Get Off My Lawn!
260750,Neighbours from Hell Compilation
261510,Tesla Effect: A Tex Murphy Adventure
261530,Lifeless Planet Premier Edition
262150,Vanguard Princess
262940,Broken Sword 5 - the Serpent's Curse
263300,BlazBlue: Calamity Trigger
263760,Turbo Dismount
263980,Out There Somewhere
264120,Victory: The Age of Racing
264240,CONSORTIUM
264380,Narcissu 1st & 2nd
266010,LYNE
266130,Breach & Clear
266310,GameGuru Classic
267530,The LEGO Movie - Videogame
267920,Gun Metal
268540,The Whispered World Special Edition
268650,From the Depths
268750,Magicite
269670,BADLAND: Game of the Year Edition
269770,Secrets of Grindea
269790,DreadOut
270170,Depression Quest
270450,Robot Roller-Derby Disco Dodgeball
270570,Reversion - The Escape (1st Chapter)
271240,Offworld Trading Company
271500,Sniper Art of Victory
271570,Space Farmers
272230,Sub Rosa
274310,Always Sometimes Monsters
274500,Brigador: Up-Armored Edition
274560,Revolution Ace
275100,Shelter 2
275490,Canyon Capers
277430,Halo: Spartan Assault
278460,Skyborn
278970,Digger Online
279640,The Troma Project
280180,Hover
280640,Dark Shadows - Army of Evil
282900,Hyperdimension Neptunia Re;Birth1
283290,Nosferatu: The Wrath of Malachi
283390,Incoming Forces
283880,Heroine's Quest: The Herald of Ragnarok
284950,Pixel Puzzles: Japan
285580,ACE - Arena: Cyber Evolution
286000,Tooth and Tail
286040,Dead Effect
286100,You Have to Win the Game
286120,QuestRun
287120,Ionball 2: Ionstorm
287371,CoH 2 - The Western Front Armies: Oberkommando West
289780,Requiem: Rise of the Reaver
290790,Grey Goo
291010,The Hat Man: Shadow Ward
291860,Pit People
292140,FINAL FANTASY XIII-2
292370,DarkEnd
292570,Chompy Chomp Chomp
292630,Uriel's Chasm
293760,Automation - The Car Company Tycoon Game
296050,Battlepaths
296300,Ballistic Overkill
296870,Dreaming Sarah
297020,The Culling Of The Cows
298160,Eldevin
298610,Ylands
298900,Space Hulk: Deathwing
299480,Rogue Stormers
300970,Fiesta Online NA
301200,Frederic: Evil Strikes Back
301760,Disney•Pixar Cars 2: The Video Game
301860,Submerged
302080,Bus Driver
303210,The Beginner's Guide
306040,The Howler
306410,Crystals of Time
307230,"I, Zombie"
307670,Hard West
307880,Savage Lands
308060,Black The Fall
310060,Knights of Pen and Paper 2
311310,Naval Action
312280,Simply Chess
312450,Order of Battle: World War II
312610,METAL SLUG X
312670,Strange Brigade
312840,Fahrenheit: Indigo Prophecy Remastered
313010,Cities XXL
313630,The Solus Project
313740,Sakura Spirit
314410,Rampage Knights
314450,Star Saviors
314650,SpaceEngine
314660,Oddworld: New 'n' Tasty
314970,Age of Conquest IV
316790,Grim Fandango Remastered
317410,Color Symphony
318100,AXYOS
318430,Squishy the Suicidal Pig
320140,Absolute Drift
321800,Icewind Dale: Enhanced Edition
323320,Grow Home
324080,Rising World
324310,Bus Simulator 16
326360,Warspear Online
326410,Windward
327140,Tilt Brush
327220,Anna's Quest
327410,A Bird Story
328080,Rise to Ruins
329070,SpyParty
329380,Stealth Inc 2: A Game of Clones
329440,Sonic Lost World
331120,Passing Pineview Forest
331670,The Jackbox Party Pack
333250,Forward to the Sky
333950,Medieval Engineers
334040,Down To One
334310,Plebby Quest: The Crusades
335670,LISA: The Painful
336510,Anno Online
337340,Finding Paradise
339470,Retention
340050,Survivalist
340170,FINAL FANTASY TYPE-0 HD
340540,TDP4:Team Battle
340810,Deepworld
340840,The Corridor: On Behalf Of The Dead
341310,Greyfox RPG
341500,Camera Obscura
341720,Among Ripples
342480,Gunscape
342560,Airships: Conquer the Skies
343780,Cat Goes Fishing
344130,Cataegis : The White Wind
344850,Big Pharma
345350,LIGHTNING RETURNS: FINAL FANTASY XIII
345390,King's Quest
346120,Boring Man - Online Tactical Stickman Combat
350810,Pixel Puzzles 2: Anime
351710,Hyperdimension Neptunia Re;Birth2: Sisters Generation
351920,Crazy Machines 3
352520,The Silent Age
353640,Train Valley
354240,"Please, Don’t Touch Anything"
354290,LoveBeat
354640,The Settlers Online
355790,Styx: Shards of Darkness
356500,STAR WARS Galactic Battlegrounds Saga
356570,Party Hard
356880,Eron
357190,ULTIMATE MARVEL VS. CAPCOM 3
357290,Red Lake
359050,Shower With Your Dad Simulator 2015: Do You Still Shower With Your Dad
359900,The Incredible Adventures of Van Helsing III
360740,Downwell
360870,Ultimate Tic-Tac-Toe
361300,Mother Russia Bleeds
361800,Tree of Life
363680,Battlefleet Gothic: Armada
363890,RPG Maker MV
363930,Dead Age
364420,Roguelands
364690,SUPER DISTRO
365960,rFactor 2
366250,METAL SLUG
368340,CrossCode
368360,60 Seconds!
368730,No Time To Explain Remastered
369990,"Gremlins, Inc."
370360,TIS-100
370770,Holodrive
371970,Barony
372540,The Lost Mythologies
372800,RPG MO
373330,All Is Dust
373390,Contradiction: Spot The Liar
373720,Ryzom
374830,Defend The Highlands
375010,Energy Balance
375460,16bit Trader
375530,"Football, Tactics & Glory"
376730,Monument
376870,Minecraft: Story Mode - A Telltale Games Series
377310,The Tower Of Elements
377530,侠客风云传(Tale of Wuxia)
377840,FINAL FANTASY IX
378100,Nyctophobia
378610,Valley
378760,Pixel Starships
381990,Dragon Saga
382120,Journey To The Center Of The Earth
382310,Eco
382560,Hot Lava
382900,FINAL FANTASY VI
383330,Star Chronicles: Delta Quadrant
384490,NECROPOLIS: BRUTAL EDITION
384740,CAT Interstellar
385080,Guardians of Victoria
385270,Jet Racing Extreme: The First Encounter
385730,WWE 2K16
386010,Steambirds Alliance
386620,"Cook, Serve, Delicious! 2!!"
387340,Hyperdimension Neptunia U: Action Unleashed
387860,the static speaks my name
391260,Labyronia RPG
391730,Crashlands
393410,World of Soccer
394870,Office Battle
395520,Missing Translation
397460,The Jackbox Party Pack 2
400750,Call to Arms - Gates of Hell: Ostfront
400910,Rabi-Ribi
400940,Budget Cuts
401190,Dinosaur Hunt
402390,Hyperdrive Massacre
402560,Tabletopia
402840,Crusaders of the Lost Idols
404590,Vikings - Wolves of Midgard
404680,Hob
406150,Refunct
406290,Twilight Struggle
406970,The Uncertain: Last Quiet Day
407120,Soccer Manager 2016
407130,Tank Mechanic Simulator
408900,Unfortunate Spacemen
410340,Liftoff: FPV Drone Racing
410710,System Shock: Enhanced Edition
410990,Master of Orion 3
412470,Metal War Online: Retribution
415960,Energy Cycle
417290,Ghost of a Tale
418030,Subsistence
419480,Starpoint Gemini Warlords
420290,Blackwake
420740,The Deed
421050,Deponia Doomsday
421120,Samorost 3
422970,Devil Daggers
423580,Project Highrise
423880,Carpe Diem
424030,War of Rights
425580,The Room Two
426000,HunieCam Studio
427930,Army of Tentacles: (Not) A Cthulhu Dating Sim
428660,Deliver Us The Moon
429180,Project CARS - Pagani Edition
431930,Kabounce
432470,Magdalena
433530,Heliborne Collection
434460,Rock of Ages 2: Bigger & Boulder
435120,Rusty Lake Hotel
435400,Hidden Folks
435530,The Final Station
435790,10 Second Ninja X
438480,Rock 'N' Roll Defense
440650,Niche - a genetics survival game
441870,OutDrive
442070,Drawful 2
443580,Antenna
444250,Crown and Council
444490,POLYWAR
445190,Expeditions: Viking
446020,Jalopy
447850,The Next Door
447920,Drift (Over) Drive
448070,Red Risk
448630,Rabiez: Epidemic
449140,Istrolid
451880,Catch a Falling Star
452060,Caveblazers
453090,Parkitect
453820,Hero Quest: Tower Conflict
454200,Neon Hardcorps
454910,Twin Saga
456670,Hand of Fate 2
456750,The Room Three
458710,Kingdom Rush Frontiers - Tower Defense
459220,Halo Wars: Definitive Edition
461560,MANDAGON
463530,Empires of the Undergrowth
463710,Puzzle Galaxies
465520,PRICE
466300,Planescape: Torment: Enhanced Edition
466500,35MM
467000,Insincere
467960,Home Behind
468560,Blind Trust
468700,NVIDIA VR Funhouse
468920,Ultimate Fishing Simulator
469890,Space Codex
470310,TROUBLESHOOTER: Abandoned Children
473770,BallisticNG
477290,Magma Tsunami
480650,Yu-Gi-Oh! Legacy of the Duelist
481510,Night in the Woods
482920,Hero Zero
487000,Quest Hunter
488860,MADNESS: Project Nexus
489360,CASE: Animatronics
489630,"Warhammer 40,000: Gladius - Relics of War"
491130,Red Trigger
491530,Notruf 112 | Emergency Call 112
493200,RiME
493370,Ragnarok Clicker
493650,Deep Space Dash
494840,UBOAT
495890,Montaro
498660,Mind Spheres
499520,The Turing Test
500810,Arcanum: Of Steamworks and Magick Obscura
501590,Bulletstorm: Full Clip Edition
502140,Drayt Empire
502550,Strike.is: The Game
503300,Super Star
504130,Manual Samuel - Anniversary Edition
504210,SHENZHEN I/O
504490,The God's Chain
505230,Pathologic 2
507380,Black Sand Drift
508170,BlackSmith HIT
510630,Soccer Manager 2017
512250,Oh...Sir!! The Insult Simulator
512470,The Pirate: Caribbean Hunt
512640,Final Quest
513000,KUBOOM
513450,Drop Alive
513560,Hunger Dungeon
518030,Aim Hero
518150,Intruder
518580,Accounting (Legacy)
518800,Lone Leader
520440,GUILTY GEAR Xrd REV 2
520720,Dear Esther: Landmark Edition
521200,Epic Battle Fantasy 3
522090,Medieval Defenders
526160,The Wild Eight
526740,hack_me
527760,Just Hero
527770,Russian SuperHero Dead Ivan
528670,Elems
529840,Brawl of Ages
530070,Train Sim World 2020
530330,Blameless
533300,Zup!
536270,Ancestors: The Humankind Odyssey
539440,Citalis
540020,Final Quest II
540840,Lara Croft GO
541200,GTTOD: Get To The Orange Door
543460,Dead Rising 4
543900,METAL GEAR SURVIVE
545650,High Profits
546980,Midnight Carnival
547680,Guild Quest
547960,Space Beret
550010,Happy Room
551170,Onmyoji
553310,Lethal League Blaze
553420,TUNIC
553790,Once in Yaissor
557260,iREC
557600,Gorogoa
557780,Atom Fishing II
557810,Clicker Guild
558990,Opus Magnum
559100,Phantom Doctrine
560260,Super Blue Boy Planet
561340,Merlin adventurer store
562220,Zup! 2
562590,Galactic Junk League
562860,Ion Fury
564530,Pharaoh + Cleopatra
565860,Tomato Way
569860,Thimbleweed Park
570460,Laser League
570770,古剑奇谭二(GuJian2)
570840,家有大貓 Nekojishi
571310,SteamWorld Dig 2
572410,Steel Division: Normandy 44
572430,Party Hard 2
575490,Let's Draw
575640,Zup! 3
575720,Mighty Party
576120,Purgatory II
578620,GORN
580910,idleBeer
581630,Sword With Sauce
584980,Late Shift
586140,BlazBlue Centralfiction
586380,VITATIO 2
586980,MadOut2 BigCityOnline [CLOSED]
587790,Deadly Animal Duel
589590,Kindergarten
589780,The Red Strings Club
591960,Animation Throwdown: The Quest for Cards
593600,PixARK
594330,Visage
595280,Throne of Lies: Medieval Politics
597820,BIOMUTANT
598330,SimAirport
598700,The Vagrant
598810,Carcassonne - Tiles & Tactics
600750,Star Trek Timelines
601050,Attack on Titan 2 - A.O.T.2
601840,Griftlands
602320,Train Valley 2
604500,Tank Force
604540,Empire of Sin
604990,Stratside
606800,Startup Company
607890,Sword Art Online: Hollow Realization Deluxe Edition
610370,Desperados III
610670,Alchemyland
611020,CityBattle | Virtual Earth
612170,One Eyed Kutkh
613830,CHRONO TRIGGER
616090,龙魂时刻
618140,Barro
619080,SOS
619910,Just Cause 3: Multiplayer Mod
629820,Maneater
636040,Pixel Worlds: MMO Sandbox
636150,Cyberhunt
637100,Sonic Forces
637850,Confess My Love
638490,Soldat
639790,DEEP SPACE WAIFU
641080,Trials Rising
643270,OLDTV
644570,Material Girl
647960,Rusted Warfare - RTS
648390,Marie's Room
650000,DOOM VFR
656350,UnderMine
658570,FURIDASHI: Drift Cyber Sport
661130,ChilloutVR
662320,METRO CONFLICT: THE ORIGIN
663390,Rento Fortune: Online Dice Board Game (大富翁)
664430,WWE 2K18
665180,Dark Elf
667600,Sky Force Reloaded
667870,MINDNIGHT
667970,VTOL VR
671440,Rise of Industry
671510,DESOLATE
672630,Academia : School Simulator
672640,War Robots VR: The Skirmish
673610,Airport CEO
674400,Einar
674500,Total Tank Simulator
674690,Project Xandata
674750,Yet Another Zombie Defense HD
675260,Batman: The Enemy Within - The Telltale Series
677160,We Were Here Too
679900,Swords & Souls: Neverseen
680320,The Heiress
681280,Descenders
684410,Bridge Constructor Portal
691020,Fog Of War - Free Edition
691260,POPULATION: ONE
692530,Community Garden
692890,Roboquest
695920,Super Seducer : How to Talk to Girls
699130,World War Z: Aftermath
699170,Fell Seal: Arbiter's Mark
699920,Despotism 3k
702320,March of Empires
702810,Shooty Skies
705210,Cube Racer
705220,Tactical Monsters Rumble Arena
708720,Gridiron
718560,Scythe: Digital Edition
718850,Age of Wonders: Planetfall
719040,Wasteland 3
719890,Beasts of Bermuda
728730,Holyday City: Reloaded
732730,War Trigger 2
734750,PickCrafter
738520,Breathedge
738540,Tales of Vesperia: Definitive Edition
742120,DRAGON QUEST XI: Echoes of an Elusive Age - Digital Edition of Light
743090,Defiance 2050
743890,Mega Man X Legacy Collection
748940,Rise of Legions
755800,Hades' Star
757240,Aimtastic
761620,Beholder 2
763890,Wildermyth
764790,The Messenger
769560,月圆之夜 (Night of Full Moon)
770240,PRO EVOLUTION SOCCER 2019
771060,Iron League
777130,Blush Blush
778700,Amorous
780290,Gloomhaven
784150,Workers & Resources: Soviet Republic
784950,CONFLICT OF NATIONS: WORLD WAR 3
788260,Rules Of Survival
788770,Meteor 60 Seconds!
790820,Valkyria Chronicles 4 Complete Edition
791930,BombTag
792300,The Beast Inside
794540,Neo Cab
795580,THE DAY Online
797430,HD Poker: Texas Hold'em
798420,Professional Fishing
800270,Terraforming Mars
802200,Hellbound: Survival Mode
805850,Wrecked
807120,Iratus: Lord of the Dead
808290,Runes of Magic
812810,missed messages.
815260,Lords of Kingdoms
816090,Space Hulk: Deathwing Enhanced Edition
816340,Kingdom Rush Origins - Tower Defense
822240,Animal Jam
824270,KovaaK's
824550,SD GUNDAM BATTLE ALLIANCE
825310,Dude Simulator 2
829590,CryoFall
831450,Kolb Antarctica Experience
837380,DeoVR Video Player
839200,SpedV
839770,Phoenix Point
840260,Endless World Idle RPG
840800,Outlaws of the Old West
846470,Moss
846770,DYSMANTLE
851100,Touhou Luna Nights
853380,Air Threat
858210,Nova Drift
861540,Dicey Dungeons
861650,Session: Skate Sim
865360,We Were Here Together
868360,Project Hospital
869760,Stoneshard: Prologue
874260,The Forgotten City
874390,The Battle of Polytopia
875210,Kingdom Heroes 8
875310,LIBERATED
883860,Cadria Item Shop
886250,PokerStars VR
892420,懒人修仙传
893030,Music Racer
893180,Catherine Classic
894020,Death's Door
897450,The Survivalists
899440,GOD EATER 3
899770,Last Epoch
900270,Reventure
908500,crazy maze ~疯狂迷宫 ~ 狂った迷路 ~ Laberinto loco ~ Labyrinthe fou ~ Verrücktes Labyrinth
914620,Mist Survival
915810,Midnight Ghost Hunt
919640,Steel Division 2
921390,武林志（Wushu Chronicles）
921570,OCTOPATH TRAVELER
922320,Sniper 3D Assassin: Free to Play
922460,Cheeky Chooks
927350,Hood: Outlaws & Legends
927380,Yakuza Kiwami 2
929010,Swag and Sorcery
935270,Great Hero's Beard
945490,Little Square Things
952860,河洛群俠傳 (Ho Tu Lo Shu ： The Books of Dragon)
964440,Hell is Others
965200,Walking Zombie 2
973810,Journey To The Savage Planet
977880,Eastward
979060,Bloons Adventure Time TD
979080,Rebel Forces
984110,SYNTHETIK: Arena
990630,The Last Campfire
991170,Barn Finders
992310,Backbone: Prologue
999730,Secret Neighbor Beta
1000010,Crown Trick
1002970,Freefall 3050AD
1005300,The Jackbox Party Pack 6
1009560,The Tenants
1010750,Blood Fresh Supply
1010800,Wallpaper Maker （造物主视频桌面）
1012790,Into the Radius VR
1013320,Firestone Idle RPG
1015500,WWE 2K20
1016120,PGA TOUR 2K21
1021950,When the Darkness comes
1024380,Second Extinction
1024480,Immortal Realms: Vampire Wars
1024890,Sector's Edge
1028470,Dis The Game
1030210,Torchlight III
1031140,The Horus Heresy: Legions
1035930,Nyasha
1040230,Curious Expedition 2
1042550,Digimon Story Cyber Sleuth: Complete Edition
1044720,Farthest Frontier
1049890,Little Witch Nobeta
1057700,Battle Grounds III
1062160,Poly Bridge 2
1062520,Dinkum
1067310,Gravitas
1067900,HOME
1068820,OVR Toolkit
1072390,BirdGut
1072420,DRAGON QUEST BUILDERS 2
1079310,Elemental Girls
1079800,Pistol Whip
1084520,雀姬/姫麻雀
1084600,My Time at Sandrock
1085510,Garfield Kart - Furious Racing
1086640,Dude Simulator 3
1088850,Marvel's Guardians of the Galaxy
1094710,Royal Crown
1096710,Hello Neighbor Alpha 4
1097420,No-brainer Heroes 挂机吧！勇者
1097430,Book of Yog Idle RPG
1098292,DOOM Eternal: The Ancient Gods - Part One
1098540,Monsters sandbox
1102190,Monster Train
1104280,The Slormancer
1105420,Game of Thrones Winter is Coming
1106530,GemCraft - Frostborn Wrath
1106750,Fault
1110390,Unturned - Dedicated Server
1111460,小白兔电商~Bunny e-Shop
1112400,Project Torque - Free 2 Play MMO Racing Game
1114940,I Wanna Maker
1119730,"Ranch Simulator - Build, Farm, Hunt"
1121560,Atelier Ryza: Ever Darkness & the Secret Hideout
1126290,Lost
1129190,Our Life: Beginnings & Always
1129310,Receiver 2
1131720,PROP AND SEEK
1135690,Unpacking
1142500,Fun with Ragdolls: The Game
1147660,ArcheAge: Unchained
1148590,DOOM 64
1148650,The Legend of Bum-Bo
1158980,Idle Big Devil
1160220,Paradise Killer
1166290,Death and Taxes
1178030,Star Fetchers
1179680,Wurm Online
1182020,WGT Golf
1183840,Dungeon of Rikka
1186640,Pumpkin Jack
1188930,Chrono Ark
1191330,Inferna
1206560,WorldBox - God Simulator
1209490,Exit the Gungeon
1210250,Island Saver
1214280,Walking Simulator
1216200,Coloring Game 2
1216710,Cyber Manhunt
1218250,We Went Back
1220140,Cartel Tycoon
1227890,Summer Memories
1230410,Chaos
1235140,Yakuza: Like a Dragon
1236990,Boris and the Dark Survival
1238080,Burnout Paradise Remastered
1239080,Door Kickers 2: Task Force North
1240210,There Is No Game: Wrong Dimension
1241510,The Test
1244800,Terraformers
1252600,ANOTHER EDEN
1252780,Bloons Monkey City
1253920,Rogue Legacy 2
1253950,Dreamscaper: Prologue
1259980,RIDE 4
1267470,Warriors of the Nile
1273710,King of Crabs
1275630,Drug Dealer Simulator: Free Sample
1276790,Ruined King: A League of Legends Story
1278480,Smart Game Booster
1279610,PrprLive
1281590,The Dark Pictures Anthology: House of Ashes
1281800,Samsara Room
1282210,DEEMO -Reborn-
1283970,YoloMouse
1286350,BPM: BULLETS PER MINUTE
1305420,Agrou
1310990,Bishojo Mangekyo Kotowari to Meikyu no Shojo
1325400,VEGAS Pro 18 Edit Steam Edition
1326700,CHRONOSHOT
1328660,Need for Speed Hot Pursuit Remastered
1330470,F.I.S.T.: Forged In Shadow Torch
1335790,Operation: Tango
1338770,Sniper Ghost Warrior Contracts 2
1340020,Aster Fpv Drone Simulator
1340530,Mr. Prepper: Prologue
1342330,Mad Games Tycoon 2
1344350,SUCCUBUS: Prologue
1353300,Idle Slayer
1362420,Siege Survival: Gloria Victis Prologue
1363430,Propagation VR
1364100,Lacuna – A Sci-Fi Noir Adventure
1364390,Animaze by FaceRig
1367550,Kingdom Rush Vengeance - Tower Defense
1369320,Virtual Cottage
1369630,ENDER LILIES: Quietus of the Knights
1373500,Mist of the Undead
1388590,Yakuza 6: The Song of Life
1390350,Webbed
1392820,Milk inside a bag of milk inside a bag of milk
1393960,Battle Command
1394270,SCP: Escape Together
1395560,Kandidatos
1399760,Randomlands
1402020,SCP: Labrat
1403370,Zenith: The Last City
1404850,Luck be a Landlord
1414850,Nickelodeon All-Star Brawl
1427150,The Episodic
1431610,Prison Simulator: Prologue
1432050,Nobody Saves the World
1434950,HighFleet
1435790,Escape Simulator
1437880,Heroes of the Three Kingdoms 7
1449690,The Walking Dead: The Telltale Definitive Series
1451940,NEEDY STREAMER OVERLOAD
1458560,I'm on Observation Duty 3
1462040,FINAL FANTASY VII REMAKE INTERGRADE
1465360,SnowRunner
1465860,*NEW* SCUFFED EPIC BHOP SIMULATOR 2023 (POG CHAMP)
1486350,VRoid Studio v0.13.1
1488200,Symphony of War: The Nephilim Saga
1495250,LineVox
1507970,Word Game: Episode 0
1512530,极限求生
1519350,Madden NFL 22
1522870,Supraland Six Inches Under
1526490,Fear Surrounds
1527950,Wartales
1549180,Propnight
1555290,Hormone Wars - Tower Defense
1557060,Wonhon: Prologue
1559390,Fate Seeker II
1592190,BONELAB
1599600,PlateUp!
1637320,Dome Keeper
1656780,Hero's Hour
1659040,HITMAN 3
1665900,SHINORUBI
1687950,Persona 5 Royal
1692250,F1 22
1703340,The Stanley Parable: Ultra Deluxe
1718570,ASTLIBRA Revision
1810580,Nobody - The Turnaround
1869090,Witches of the Fourth Multiplayer
1904540,Football Manager 2023
1948280,Stacklands
2084030,Pitch Black: A Dusklight Story - Episode One
